Date,Mood
2025-03-01,Sad
2025-03-02,Sad
2025-03-03,Neutral
2025-03-04,Happy
2025-03-05,Happy
2025-03-06,Happy
2025-03-07,Sad
2025-03-08,Sad
2025-03-09,Neutral
2025-03-10,Sad
2025-03-11,Sad
2025-03-12,Neutral
2025-03-13,Happy
2025-03-14,Happy
2025-03-15,Happy
2025-03-16,Sad
2025-03-17,Sad
2025-03-18,Neutral
2025-03-19,Happy
2025-03-20,Happy
2025-03-21,Happy
2025-03-22,Sad
2025-03-23,Excited
2025-03-23,Happy

2025-03-23,Happy
2025-03-23,Happy
2025-03-23,Happy
2025-03-23,Happy
2025-03-23,Happy
2025-03-23,Happy
2025-03-23,Happy
2025-03-23,Happy
2025-03-23,Happy
2025-03-23,Happy
2025-03-23,Happy
2025-03-23,Happy
2025-03-23,Excited
